{
  "encode":"UTF-8",
  "data":[
    {
      "_id": 0,
      "name": "apple",
      "origins": [
        { "origin": "korea", "price": 1000 },
        { "origin": "japan", "price": 2000 }
      ]
    },
    {
      "_id": 2,
      "name": "green-apple",
      "origins": [
        { "origin": "korea", "price": 1000 },
        { "origin": "japan", "price": 2000 }
      ]
    },
    {
      "_id": 3,
      "name": "pineapple",
      "origins": [
        { "origin": "korea", "price": 1000 },
        { "origin": "japan", "price": 2000 }
      ]
    },
    {
      "_id": 4,
      "name": "sorry-사과",
      "origins": [
        { "origin": "korea", "price": 1000 },
        { "origin": "japan", "price": 2000 }
      ]
    }
  ]
}
